customer_id,customer_name,phone_no,city,signup_date,loyalty_status
C0001,Michael Vazquez,1786829141,Bangalore,2024-05-22,
C0002,Gary Padilla,2892758224,Chennai,2023-12-28,Bronze
C0003,Melissa Johnson,8798527213,Kolkata,2023-08-27,Gold
C0004,Scott Herring,8806570835,Chennai,2023-01-17,Gold
C0005,Jordan Baker,9863825102,Kolkata,2022-12-22,
C0006,Janet Gonzalez,8407123247,Bangalore,2025-01-20,Silver
C0007,Brittany Steele,9555226604,Hyderabad,2024-11-27,Silver
C0008,Tiffany Lowery,7531836266,Kolkata,2022-08-23,Bronze
C0009,Jason Ramirez,668510912,Bangalore,2022-10-25,
C0010,Susan Peterson,3407793366,Hyderabad,2025-04-02,Bronze
C0011,Aaron Lopez,2143730148,Delhi,2024-06-17,
C0012,William Morrison,196996201,Hyderabad,2024-08-12,
C0013,Daniel Watts,4371663626,Chennai,2023-12-24,
C0014,Edward Bennett,148919144,Chennai,2025-03-22,
C0015,Jason Hodge,8450213575,Bangalore,2025-05-12,
C0016,Micheal Pierce,7139972305,Mumbai,2024-08-12,Gold
C0017,Donna Valdez,5643308350,Chennai,2023-07-26,
C0018,Joshua Elliott,2058864283,Mumbai,2023-09-28,Silver
C0019,Megan Sloan,8054209821,Mumbai,2023-01-02,Silver
C0020,Laurie Sutton,13227163,Kolkata,2022-08-20,Bronze
C0021,Matthew Camacho,4705292835,Hyderabad,2023-05-15,Gold
C0022,Katherine Marsh,1824451675,Hyderabad,2023-12-04,Bronze
C0023,Chad Taylor,8050080983,Kolkata,2025-04-07,Silver
C0024,Erin Cooper,7866296369,Kolkata,2025-03-22,
C0025,David Thomas DDS,1794822264,Hyderabad,2022-09-24,
C0026,Joseph Williams,6490778777,Chennai,2023-04-13,
C0027,Kelli Wilson,4291018117,Bangalore,2023-02-01,
C0028,Michael Green,8071851717,Hyderabad,2025-01-10,
C0029,Matthew Lewis,6265932988,Kolkata,2023-07-10,
C0030,Ashley Lynch,1070539536,Chennai,2023-02-02,Silver
C0031,Eric Weaver,4768467773,Delhi,2025-01-19,Silver
C0032,Keith Robinson,3663752294,Hyderabad,2024-02-06,Gold
C0033,Joshua King,8564099779,Hyderabad,2024-09-17,Silver
C0034,Megan Shannon,5187602915,Chennai,2025-01-12,
C0035,Sean Ward,1855689998,Mumbai,2023-04-13,
C0036,Susan Gibson,1150957003,Mumbai,2024-12-24,
C0037,Melanie Smith,2271020539,Mumbai,2023-08-24,
C0038,Albert Mccoy,4569377259,Bangalore,2022-12-01,Gold
C0039,Michael Davis,8476745718,Bangalore,2024-05-24,
C0040,Abigail Adkins,8515979663,Hyderabad,2024-01-13,Silver
C0041,Andrew Garcia,1083504180,Chennai,2024-10-21,Gold
C0042,Jasmine Nelson,619447059,Chennai,2022-10-29,Silver
C0043,Robert Simmons,2493804532,Bangalore,2022-10-11,Gold
C0044,Joseph Richmond,3670940080,Kolkata,2024-09-06,Silver
C0045,Kimberly Barry,7803555476,Bangalore,2024-10-28,
C0046,Mary Mclaughlin,2036394044,Delhi,2025-03-21,
C0047,Michael Nunez,4353922303,Delhi,2022-11-11,Silver
C0048,Hunter Conway,1224457658,Hyderabad,2025-01-24,
C0049,Kevin Dominguez,9601334773,Bangalore,2023-04-26,
C0050,Kelsey Richards,5400825814,Mumbai,2022-10-16,Bronze
C0051,Anthony Fields,1435513513,Chennai,2023-07-25,Gold
C0052,Barbara Clayton,9220784837,Kolkata,2024-10-07,Silver
C0053,Joseph Ball,67340244,Kolkata,2022-09-20,Bronze
C0054,George Simmons,1111210272,Delhi,2024-07-06,
C0055,Audrey Lynn,2686306056,Delhi,2023-04-29,Gold
C0056,Crystal Gonzalez,9656788334,Delhi,2024-06-12,Bronze
C0057,John Strong,7005803497,Chennai,2024-10-14,Bronze
C0058,Matthew Figueroa,2917181114,Chennai,2023-05-04,
C0059,Daniel Williams MD,5344438059,Kolkata,2024-04-26,Silver
C0060,Paul Miller,9247072270,Chennai,2024-05-25,
C0061,Timothy Nelson,4111388741,Hyderabad,2023-03-17,
C0062,Christopher Cisneros,6238563649,Delhi,2024-06-18,Silver
C0063,Jessica Payne,2799857441,Chennai,2024-04-20,Gold
C0064,Jennifer Miller,2673813027,Delhi,2023-10-03,Gold
C0065,Jacqueline Flores,797126462,Chennai,2024-04-03,Silver
C0066,Carla Chambers,3307656972,Chennai,2023-05-10,
C0067,Joseph Brennan,9296920669,Hyderabad,2023-10-08,Bronze
C0068,Jeffrey Washington,1748026039,Delhi,2024-08-11,
C0069,Amber Mann,8267421428,Bangalore,2023-08-12,
C0070,Jody Stanton,4568518150,Bangalore,2024-06-07,Gold
C0071,Heather Rosales,6139729855,Mumbai,2024-12-21,
C0072,David Oliver,3708001025,Mumbai,2024-07-02,Gold
C0073,Tracy Garcia,3676951649,Bangalore,2024-08-29,Bronze
C0074,Frank Roach,2017796308,Chennai,2024-02-22,Bronze
C0075,Stacy Austin,7030522030,,2024-11-05,
C0076,Kayla Sandoval,2335898819,Chennai,2025-05-06,
C0077,Brianna Gibson,994751192,Mumbai,2024-09-11,Silver
C0078,John Snyder,240712276,Mumbai,2023-11-14,
C0079,Megan Moreno,3622260241,Kolkata,2023-05-27,Gold
C0080,Jennifer Evans,3753033188,Bangalore,2024-06-20,Silver
C0081,Samuel Barnes,7603014254,Kolkata,2023-07-04,Gold
C0082,Paula Perez,8423709144,Mumbai,2024-06-14,Bronze
C0083,Danny Jensen,9382177245,Hyderabad,2024-11-03,
C0084,Jaclyn Patel,6574479424,Bangalore,2023-05-15,
C0085,David Burton,3366399389,Hyderabad,2023-07-14,Silver
C0086,Dr. Scott Allen,520562351,Mumbai,2023-06-18,Bronze
C0087,Joseph Stevenson,1824131369,Bangalore,2022-11-14,Gold
C0088,Joshua Proctor,6055059818,Mumbai,2025-04-04,Silver
C0089,Tina Freeman,5701941245,Chennai,2024-07-29,Silver
C0090,Jessica Johnson,3047603166,Mumbai,2025-03-20,Gold
C0091,Lauren Gutierrez,5085702195,Chennai,2023-06-03,
C0092,Carolyn Dennis,13872500,,2024-06-07,Gold
C0093,Andrew Little,559058936,,2023-01-25,Silver
C0094,Mercedes Potter,8770885132,Hyderabad,2022-08-16,Bronze
C0095,Belinda Hamilton,2041609986,Mumbai,2023-09-07,
C0096,Lauren Hanna,4559497405,Mumbai,2025-05-15,Bronze
C0097,Tyrone Cooper,9384283920,Bangalore,2023-08-19,Gold
C0098,Cindy Mejia,5522686013,Bangalore,2024-02-01,Silver
C0099,Paul Trujillo,4190678847,Kolkata,2023-09-08,
C0100,Brent Johnson,5509228689,Hyderabad,2023-08-09,Gold
C0101,Linda Parks,4850367501,Kolkata,2025-01-09,
C0102,Mary Poole,7585604072,Delhi,2023-07-22,
C0103,Scott Gonzalez,7052461947,Bangalore,2023-03-12,
C0104,Zachary Wheeler,528524830,Chennai,2023-07-26,
C0105,Michael Camacho,4053188809,Delhi,2023-02-01,Bronze
C0106,Bryce Greene,1604911797,Bangalore,2024-07-23,
C0107,Cory Leon,9610020539,Hyderabad,2025-07-09,Gold
C0108,Alice Mitchell,3324070900,Chennai,2022-08-14,Silver
C0109,Alexandra Johnson,2397740955,Mumbai,2025-06-13,
C0110,Christina Davidson,1641241618,,2023-01-20,
C0111,Howard Miller,9962615169,Bangalore,2023-09-19,Bronze
C0112,Troy Harris,177042583,Kolkata,2023-08-13,Silver
C0113,Connie Bishop,4662657457,Hyderabad,2023-12-20,
C0114,William Patterson,5495113747,Delhi,2022-11-06,Gold
C0115,Melissa Stevens,1344934738,Hyderabad,2024-12-27,Bronze
C0116,Gina Underwood,9080492311,Kolkata,2023-02-21,Bronze
C0117,Sean Matthews,3385017343,Delhi,2023-07-18,Gold
C0118,Richard Johnson,2178270476,Hyderabad,2025-02-20,Gold
C0119,Brandon Allen,8663144931,Bangalore,2022-09-15,Gold
C0120,Bryan Peterson,5385324751,Hyderabad,2023-09-28,Gold
C0121,Antonio Ellis,604109063,Hyderabad,2024-06-28,Silver
C0122,Madison Brennan,5342909032,Mumbai,2023-11-21,
C0123,Mrs. Laura White,2567440123,Mumbai,2023-08-23,
C0124,Cheyenne Nguyen,2010106232,Hyderabad,2024-07-06,Silver
C0125,Paula Anderson,550237574,Bangalore,2022-09-11,
C0126,Amber Ward,1848377060,Mumbai,2023-11-24,
C0127,Timothy Baker,5172128927,Chennai,2023-10-28,Bronze
C0128,Shannon Valdez,97882109,Kolkata,2023-08-18,Gold
C0129,Robin Barnett,2928493738,Kolkata,2025-06-04,Bronze
C0130,David Jones,8239465583,Kolkata,2023-05-29,
C0131,Jesus Ramirez,159390665,Chennai,2024-10-22,Gold
C0132,Amy Hernandez,8578628189,Bangalore,2023-03-30,
C0133,Brandi Macias,3934983165,Chennai,2024-08-11,Gold
C0134,Kimberly Brown,2559266580,Mumbai,2024-04-15,Bronze
C0135,Barbara Mcgrath,2341803957,Chennai,2023-03-09,Silver
C0136,Wendy Johnson,3033399949,Chennai,2024-12-04,Silver
C0137,Sarah Martinez,6678939189,Mumbai,2023-04-05,
C0138,Miguel Baldwin,3037665449,Chennai,2022-09-12,Silver
C0139,Jacob Griffin,3581899386,Bangalore,2024-11-16,Bronze
C0140,Ashlee Campbell,2800512606,Delhi,2022-09-01,Gold
C0141,Walter Cordova,2217115399,Mumbai,2024-06-21,
C0142,Susan Campbell,6499987151,Delhi,2024-03-04,Bronze
C0143,Kimberly Wiggins,1483134586,Mumbai,2023-09-01,Gold
C0144,Austin Graham,9228020939,Hyderabad,2024-04-19,Silver
C0145,Alicia Stewart,5878007351,Hyderabad,2025-03-08,
C0146,Cynthia Roman,5556529134,Mumbai,2024-09-28,Silver
C0147,Maria Gilbert,9006205711,Kolkata,2022-10-25,Gold
C0148,Ebony Fisher,5783974834,Bangalore,2023-07-05,Silver
C0149,Alicia Marsh,6924743861,Hyderabad,2025-03-31,Bronze
C0150,Joshua Kirk,7617468307,Delhi,2022-12-31,Bronze
C0151,Betty Good,674339537,Hyderabad,2023-02-25,Bronze
C0152,Kristopher Kim III,7165066533,Bangalore,2024-06-24,
C0153,Breanna Ware,3221649583,Bangalore,2024-06-03,
C0154,Mathew Black,523507395,,2023-10-23,
C0155,Eric Davis,6793884340,Mumbai,2023-01-06,Gold
C0156,Albert Patel,6411800995,Chennai,2025-02-21,
C0157,Michael Hall,5807315973,Kolkata,2024-01-19,Gold
C0158,Dr. Judy Arellano,6016568293,Mumbai,2023-07-21,
C0159,Spencer James,3128435245,Mumbai,2023-01-02,Bronze
C0160,Larry Davis,9413194869,Hyderabad,2024-10-12,Gold
C0161,James Smith,5294242881,Chennai,2023-09-30,
C0162,Christine Carter,8032767126,Chennai,2024-10-24,Gold
C0163,Tanya Dawson,141702477,Bangalore,2024-06-06,
C0164,Amanda Anderson,4104568461,Chennai,2023-09-19,Gold
C0165,Kelly Hale,3235655439,Hyderabad,2024-05-15,Gold
C0166,Mariah Roberts,6326225000,Chennai,2024-05-14,
C0167,Joshua Rodriguez,5143792471,Kolkata,2023-03-19,Silver
C0168,Robert Mora,3421726750,Bangalore,2022-08-12,
C0169,Brenda James,1570734169,Bangalore,2025-04-23,Bronze
C0170,Christina Dunn,2079194170,Mumbai,2023-09-29,Silver
C0171,Janet Barnes,7244199824,Mumbai,2023-10-04,Silver
C0172,Chris Martin,731096030,Chennai,2023-09-07,Silver
C0173,Patricia Sanchez,6619193563,Hyderabad,2024-07-15,Gold
C0174,Noah Koch,9394790437,Bangalore,2023-12-24,Silver
C0175,Sabrina Hamilton,5206135269,Delhi,2022-10-04,Silver
C0176,Nicholas Lopez,6595123785,Delhi,2024-12-09,
C0177,Maria Davis,7539735718,Delhi,2025-02-15,Silver
C0178,Joshua Pruitt,7901957244,Mumbai,2023-03-23,
C0179,Tyler Burns,5293757645,Bangalore,2024-03-03,Silver
C0180,Donald Shields,5453198696,Delhi,2024-02-28,
C0181,Kevin Mendez,8020390302,Bangalore,2023-03-16,
C0182,Vanessa Ellis,6865997620,Chennai,2023-03-24,Gold
C0183,Thomas Cox,3907228645,Hyderabad,2023-05-26,Silver
C0184,Douglas Lee,5097811160,Mumbai,2024-01-07,Gold
C0185,Michelle Johnson,5675286149,Delhi,2022-11-16,Bronze
C0186,Eric Evans,7714798669,Delhi,2023-04-15,Gold
C0187,James Johnson,7340354608,Mumbai,2023-06-22,
C0188,Sara Ramirez,2902656665,Chennai,2024-09-22,Bronze
C0189,Kenneth Sanchez,646655085,Mumbai,2024-10-19,Silver
C0190,Richard Galloway,5281482224,Mumbai,2022-08-26,Bronze
C0191,Kyle Bell,4441951994,Chennai,2024-09-25,
C0192,Lorraine White MD,2824526972,Mumbai,2024-11-15,Bronze
C0193,Deborah Ayers,990197257,Chennai,2025-01-30,Silver
C0194,Michael Galloway,5306304044,Kolkata,2023-03-17,
C0195,Noah Roach,3301963720,Mumbai,2023-11-09,
C0196,Charles Mendez,1812271698,Mumbai,2022-09-24,Silver
C0197,Samuel Dillon,7148168093,Chennai,2025-05-19,Bronze
C0198,Kari Lewis,453808563,Hyderabad,2024-12-22,
C0199,Paul Bowman,3298055563,Hyderabad,2022-11-08,Bronze
C0200,Matthew Taylor,8104876940,Kolkata,2024-01-18,
C0201,Shawn Olson,9000647581,Kolkata,2024-10-12,Gold
C0202,Michael Hinton,4471975917,Kolkata,2024-04-06,
C0203,Bradley Larson,5779244375,Kolkata,2024-11-14,
C0204,Jason Davis,1517970933,Chennai,2023-02-24,Gold
C0205,Samuel Dennis,2216232693,Hyderabad,2024-09-06,Gold
C0206,Christopher Hart,9882517825,Chennai,2024-06-20,
C0207,Melissa Gates,127977982,Kolkata,2023-07-15,Bronze
C0208,Timothy Rodriguez,2291642883,Hyderabad,2024-12-01,Silver
C0209,Lauren Fisher,7186388870,Bangalore,2024-11-18,Silver
C0210,Tyler Williams,6806916659,Delhi,2023-08-26,
C0211,Lisa Charles,9714203159,Hyderabad,2023-03-25,Gold
C0212,Nathan Villanueva,609787518,Hyderabad,2024-11-24,
C0213,Denise Long,3570354767,Delhi,2023-06-07,Silver
C0214,Cassandra Barnes,185400330,Chennai,2024-10-12,
C0215,Jennifer Landry,9570617862,Hyderabad,2024-01-14,Bronze
C0216,Rebecca Davis,8801718500,Delhi,2023-10-24,
C0217,Gail Peterson,9287354027,Chennai,2023-11-26,
C0218,Mandy Osborne,8089988534,Hyderabad,2023-08-15,Gold
C0219,Jennifer Kelly,6940948210,Mumbai,2023-09-23,Gold
C0220,Susan Dean,7533195904,Mumbai,2023-10-14,
C0221,Marvin Munoz,3598772151,Delhi,2024-02-07,Gold
C0222,Brian Oneill,8499854002,Hyderabad,2023-06-28,
C0223,Linda Haley,9997922197,Kolkata,2025-01-08,
C0224,Madison Olsen,4417761166,Chennai,2024-11-16,Bronze
C0225,Shane Smith,5735373045,Mumbai,2024-07-25,Silver
C0226,Summer Thomas,3662944923,Hyderabad,2025-03-15,Silver
C0227,Lauren Shepherd,4491046221,Chennai,2023-08-26,
C0228,Deborah Mckay,7557823647,Hyderabad,2023-11-12,Bronze
C0229,Angela Cook,4183129213,Kolkata,2024-11-13,
C0230,Bruce Morales,3925573877,Kolkata,2023-05-03,
C0231,Angela Davis,3560528430,Chennai,2024-07-24,
C0232,Michael Porter,5291534004,Hyderabad,2023-12-23,Bronze
C0233,James Salas,3737552565,Kolkata,2024-07-30,Bronze
C0234,James Donaldson,3738590390,Hyderabad,2024-03-27,
C0235,Mary Mcneil,1000949350,Kolkata,2023-12-28,
C0236,Eric Pena,5723525868,Kolkata,2022-09-02,
C0237,Juan Robertson,1176981443,Bangalore,2022-09-11,Bronze
C0238,Mr. Cody Thomas III,5895320531,Bangalore,2024-09-15,Silver
C0239,Jeffrey Green,29134433,Chennai,2025-04-21,Gold
C0240,Troy Garcia,2807127650,Hyderabad,2023-04-15,Gold
C0241,Courtney Torres,7474667603,Chennai,2023-11-25,Silver
C0242,Juan Johnson,563727855,Hyderabad,2023-07-04,Silver
C0243,Jonathan Butler,5097173929,Mumbai,2023-09-25,Silver
C0244,Kelly Alexander,7679575135,,2023-05-22,
C0245,Daniel Elliott,9192869577,Bangalore,2024-12-19,Gold
C0246,Emily Johnson,7972653724,Bangalore,2024-08-20,Bronze
C0247,Carl Cantrell,2293910693,Bangalore,2024-02-09,
C0248,Dale Hudson,4092120730,Hyderabad,2022-10-11,
C0249,Edwin Nichols,2430430535,Mumbai,2025-08-10,Bronze
C0250,Alexa Dunn,3042108436,Hyderabad,2023-05-02,
C0251,Tina Tyler,666962497,Kolkata,2024-05-23,Gold
C0252,Danielle Allen,9404920510,Mumbai,2025-02-12,Silver
C0253,Tracy Palmer,4334184547,Bangalore,2025-03-06,Gold
C0254,Kerry Lewis,8105809617,Delhi,2023-03-08,
C0255,Alexis Jimenez,4840885683,Bangalore,2025-07-31,
C0256,Richard Morris IV,8257041516,Mumbai,2024-04-18,Silver
C0257,William Kelley,8290561332,Bangalore,2025-01-21,
C0258,Robert Walker,4219863312,Mumbai,2023-10-26,Bronze
C0259,Brittany Walters,2043616388,Mumbai,2024-05-13,Silver
C0260,Daniel Moon,7810590819,Hyderabad,2024-02-07,Gold
C0261,Laura Jones DDS,7744863855,Delhi,2023-02-21,
C0262,Thomas Scott,7838475556,Bangalore,2022-09-13,
C0263,Michael Tucker,4893762223,Mumbai,2025-07-22,
C0264,David Allen,2054898222,Bangalore,2023-01-08,Silver
C0265,Shelley Hale,3745089542,Kolkata,2023-06-07,
C0266,Jasmine Buchanan,9938756791,Chennai,2022-08-25,Gold
C0267,Leslie Brooks,970576710,Chennai,2024-01-28,Silver
C0268,Adam Daugherty,681497913,Chennai,2024-08-18,
C0269,Timothy Smith,3805531644,Kolkata,2022-08-31,Bronze
C0270,Christopher Howell,2111000987,Bangalore,2023-03-07,
C0271,Jesse Murray,8312075985,Hyderabad,2023-06-30,Silver
C0272,Elizabeth Hernandez,68703631,Bangalore,2023-04-07,
C0273,Jessica Owens,2759149691,Hyderabad,2024-08-28,Gold
C0274,Denise Farmer,8952085641,Chennai,2022-09-25,Gold
C0275,Brandon Adams,7863270548,Chennai,2024-05-21,
C0276,Nathan Mclaughlin,5180603455,Bangalore,2024-05-22,Silver
C0277,Louis King,3094308318,Kolkata,2022-12-31,
C0278,Anthony Smith,8775516983,Chennai,2024-05-13,Silver
C0279,Michele Hartman,1957700286,Hyderabad,2023-03-03,Gold
C0280,Carolyn Thomas,1874739732,Bangalore,2025-04-13,Gold
C0281,Courtney Munoz,3866855300,Kolkata,2023-04-07,Bronze
C0282,Michael Baker,1944376620,Hyderabad,2025-06-15,Gold
C0283,Jennifer Mcintosh,2245564222,Bangalore,2024-07-19,Gold
C0284,Patricia Richardson,1238828198,Hyderabad,2023-04-17,Silver
C0285,Karen Wilkinson,7398663100,Chennai,2023-01-22,Gold
C0286,Sarah Wolfe,9947942263,Hyderabad,2025-08-01,Gold
C0287,Christopher Norris,3965084902,Mumbai,2025-02-18,
C0288,Benjamin Mcdonald,2633226037,Mumbai,2023-02-19,Gold
C0289,Debbie Lynch,9173895602,Hyderabad,2024-09-03,Silver
C0290,Mr. Wesley Taylor,9304143359,Chennai,2023-02-10,
C0291,Michael Stevens,358483601,Chennai,2023-05-22,
C0292,Charles Shaw,5193734539,Hyderabad,2024-09-25,Silver
C0293,Laura Smith,3600347496,Hyderabad,2023-12-11,
C0294,Carolyn Robinson,44369040,Bangalore,2024-07-24,
C0295,Lee Tate,5545846046,Kolkata,2025-04-02,Silver
C0296,Kathleen Medina,151306771,Kolkata,2025-07-20,Bronze
C0297,Sean Hudson,5805945616,Delhi,2024-05-06,
C0298,Kathryn Brown,3263132041,Mumbai,2025-03-11,Silver
C0299,Jennifer Jackson,3007759936,Mumbai,2025-05-30,Silver
C0300,Katelyn Palmer,6548337778,Delhi,2022-08-28,Bronze
C0301,Neil Roberts,8798713252,,2023-11-11,
C0302,Andrew Jones,5328200186,Delhi,2024-04-30,Bronze
C0303,Amanda Scott,6037832993,Delhi,2023-10-10,
C0304,Kenneth Lopez,4596325500,,2023-04-22,Gold
C0305,Amber Freeman,1332171297,Kolkata,2024-06-04,Silver
C0306,Michael Hernandez,6538541470,Bangalore,2025-07-25,
C0307,Sarah Bradley,8163872981,Chennai,2023-02-20,
C0308,Patrick Huff,7538578404,Delhi,2023-02-07,
C0309,Ricky Wilson,8731722948,Kolkata,2025-04-16,Bronze
C0310,Eric Shelton,8745305814,Chennai,2025-03-21,Silver
C0311,Heather Nicholson,510192430,Mumbai,2024-05-15,Gold
C0312,Heather Barker,5443836513,Bangalore,2023-08-21,
C0313,Kayla Miller,6978842862,Delhi,2022-09-29,Silver
C0314,Deborah Jensen,7475514357,Bangalore,2024-02-01,Gold
C0315,Lauren Johnson,335982253,Hyderabad,2023-02-27,Silver
C0316,Trevor Pearson,1390478445,Mumbai,2022-10-12,
C0317,Ashley Taylor,6063154223,Bangalore,2024-04-07,
C0318,Steven Price,9368116711,Hyderabad,2023-02-02,Bronze
C0319,Andrew Maldonado,4952690312,Delhi,2022-12-14,Gold
C0320,Rodney Young,5448525002,Delhi,2025-08-06,Gold
C0321,Stanley Bishop,1777365440,Delhi,2023-06-04,Gold
C0322,Lisa Boyd,7919837319,Bangalore,2025-07-02,Bronze
C0323,Caroline Martinez,7539918074,Kolkata,2023-04-15,Silver
C0324,Jessica Reed,4957704207,Delhi,2025-02-14,Silver
C0325,Lauren Wallace,3670767213,Bangalore,2023-11-09,Gold
C0326,Virginia Thomas,6831894237,Bangalore,2023-10-31,Gold
C0327,Terry Camacho,3501374350,Bangalore,2024-09-06,Silver
C0328,Michael Ramos,5230236216,Kolkata,2025-01-13,Bronze
C0329,Ronald Bruce,2677975893,Delhi,2025-04-17,
C0330,David Flores,3804452594,Hyderabad,2023-01-29,Bronze
C0331,Diane Sims,5153120035,Mumbai,2022-11-17,
C0332,Gary Wells,5323783400,Kolkata,2024-04-05,Silver
C0333,Kyle Davis,5845454195,Bangalore,2025-06-18,
C0334,Patrick Nguyen,7933894135,Mumbai,2025-03-26,Silver
C0335,Mary Brandt,9107908671,Mumbai,2024-04-02,
C0336,Andrew Mcfarland,4762790942,Kolkata,2023-11-06,
C0337,Maurice Nguyen,6775226216,Bangalore,2024-02-23,
C0338,Shannon Hoffman,9973233241,Kolkata,2025-05-15,Gold
C0339,Ethan Thomas,2576868530,Delhi,2024-09-20,Gold
C0340,Brent Greene,2036983602,Delhi,2023-10-18,
C0341,Walter Peterson,2084998296,Kolkata,2023-10-10,
C0342,Jennifer Hartman,5498860131,Chennai,2023-02-12,Silver
C0343,Sandra Potter,9045814664,Kolkata,2025-03-01,
C0344,James Diaz,1372924618,Kolkata,2025-03-25,Gold
C0345,Wesley Ortega,5658858980,Chennai,2023-12-17,Bronze
C0346,Lori Strickland,9838923917,Kolkata,2023-12-29,Gold
C0347,Cesar Harris,3308637670,Bangalore,2023-01-22,Bronze
C0348,Michael Stafford,8338253276,Chennai,2022-12-22,Silver
C0349,Faith Smith,9868597097,Kolkata,2022-09-11,
C0350,Jay Smith,4073500757,Kolkata,2023-11-24,Gold
C0351,Courtney Hodges,8957645395,Kolkata,2024-04-15,Silver
C0352,Veronica Ortiz,4577316449,Kolkata,2023-03-19,Bronze
C0353,Mary Gross,4471929188,Hyderabad,2022-11-07,
C0354,Jennifer Sanders,8250223791,Mumbai,2022-11-15,Bronze
C0355,Misty Simmons,9096699741,Mumbai,2025-02-11,Gold
C0356,Jorge Yoder,2780993880,Bangalore,2022-08-19,Silver
C0357,Carolyn Greene,1455512667,Bangalore,2024-11-14,Bronze
C0358,Jason Atkins,2909991258,Mumbai,2024-04-11,
C0359,David Bishop,451679146,Mumbai,2023-03-08,Bronze
C0360,Rachel Williams,1061723437,Hyderabad,2025-01-31,Bronze
C0361,Kristin Peters,8853666037,Delhi,2024-09-25,
C0362,Krista Wallace,6038935018,Hyderabad,2023-03-20,Silver
C0363,Wayne Harvey,1038389896,Delhi,2022-12-25,
C0364,Brandon Cardenas,8424459029,Delhi,2024-08-18,
C0365,Emily Beard,4756972923,Bangalore,2024-07-15,Silver
C0366,Kimberly King,2421657821,Mumbai,2025-04-23,Gold
C0367,Donald Lopez,7307906023,Mumbai,2024-08-02,Silver
C0368,Lisa Graham,6676812061,Bangalore,2022-09-08,Gold
C0369,Charles Chambers,994642932,Hyderabad,2022-09-05,Gold
C0370,Frederick Ryan,5442701328,Mumbai,2025-01-28,Gold
C0371,Brian Conner,2371119338,Bangalore,2023-07-03,Silver
C0372,Jeremy Buckley,5193196195,Bangalore,2024-01-09,
C0373,Dr. Matthew Rodriguez,1245941096,Bangalore,2023-08-27,
C0374,Christopher Harrington,1538611248,Delhi,2023-11-21,
C0375,Sean Estrada,5484452367,Mumbai,2025-01-31,
C0376,Christopher Welch,2572537800,Bangalore,2023-01-09,Bronze
C0377,Molly Underwood,8495747480,Bangalore,2022-09-09,Bronze
C0378,Sabrina Thompson,452888658,Delhi,2024-03-09,Gold
C0379,Karen Long,9444162502,Hyderabad,2025-03-11,
C0380,Mrs. Cheyenne Carey,3397391818,Delhi,2023-01-06,
C0381,Martin Miller,6710239262,Mumbai,2023-05-26,
C0382,Michelle Rose,4076009249,Hyderabad,2024-01-21,
C0383,Stephen Smith,1557025020,Hyderabad,2024-03-02,Silver
C0384,Jesse Martinez,2911466438,Mumbai,2024-09-18,Silver
C0385,Aaron Anderson,9542554418,Delhi,2025-06-20,Bronze
C0386,Kevin Elliott,5909281532,Mumbai,2023-12-04,Bronze
C0387,Edward Douglas,7526620797,Bangalore,2024-03-18,
C0388,Catherine Davis,4224308334,Kolkata,2023-11-23,Silver
C0389,Nathan Bradley,6399658343,Mumbai,2024-11-04,
C0390,Samuel Jones,8907998440,Delhi,2025-03-21,Gold
C0391,Keith Brock,7290194471,Bangalore,2023-01-16,Silver
C0392,Makayla Long,6467718733,Mumbai,2024-01-17,Silver
C0393,Mrs. Lindsay Key,9614640518,Bangalore,2024-10-08,
C0394,Karen Holt,6000577066,Delhi,2025-01-07,Bronze
C0395,Amber Miller,9381967909,Hyderabad,2025-03-10,
C0396,Cheryl Foster,4969095506,Mumbai,2024-03-14,Silver
C0397,Kenneth Livingston,4665700910,Bangalore,2024-10-17,
C0398,Michael Odonnell,5854230164,Bangalore,2023-08-13,Silver
C0399,Benjamin Rodriguez,5626155784,Bangalore,2025-07-19,Bronze
C0400,Nicholas Brown,5350490347,Bangalore,2024-04-03,
C0401,Tiffany Parker,4852562634,Delhi,2022-11-08,
C0402,Tim Martin,8825574876,Mumbai,2023-07-07,Gold
C0403,Claire Rodriguez,7262515826,Delhi,2023-07-24,
C0404,Preston Reed,1124943594,Kolkata,2025-07-06,
C0405,Tina Robinson,1112367267,Delhi,2023-06-12,Bronze
C0406,Jason Green,6260984336,Kolkata,2022-11-10,Gold
C0407,Marco Hayes,2661284124,Hyderabad,2023-09-24,
C0408,Corey Horne,3577233418,Delhi,2025-02-12,Gold
C0409,Alyssa Johnson,260718012,Delhi,2022-10-17,Bronze
C0410,Paul Wright,1222833954,Mumbai,2024-12-18,
C0411,Eric Lee,3717708033,Hyderabad,2023-04-05,
C0412,Carla Harvey,5864743489,Mumbai,2022-12-10,Silver
C0413,James Mendez,2441315057,Hyderabad,2025-02-12,
C0414,Gregory Johnson,7028124904,Delhi,2024-01-05,Silver
C0415,Rachael Donovan,5545295308,Chennai,2024-10-05,
C0416,Troy Smith,1268635387,Mumbai,2025-01-21,
C0417,Christopher Huang,9715944646,Delhi,2023-12-12,Silver
C0418,David Cunningham,6891123618,Mumbai,2024-12-06,Silver
C0419,Stephanie Robinson,4320649184,Kolkata,2023-10-20,
C0420,Tiffany Ferguson,3400428407,Kolkata,2024-02-07,
C0421,Melissa Nguyen,2979369534,Hyderabad,2024-03-18,Bronze
C0422,Vanessa Harris,7273248164,Kolkata,2023-08-30,Gold
C0423,Kristina Arnold,1757344014,Chennai,2023-04-26,
C0424,Lee Gomez,2856242242,Mumbai,2022-08-14,
C0425,Sandra Byrd,1964346465,Mumbai,2025-06-25,Silver
C0426,Tracy Anderson,8155273839,,2025-02-17,Silver
C0427,Michael Jimenez,6819676590,Chennai,2025-03-15,Gold
C0428,Mary Little,4691823081,Bangalore,2024-07-16,Silver
C0429,Chelsea Matthews,7232130696,Hyderabad,2023-02-01,Silver
C0430,Mr. Terry Harris,1780214718,Chennai,2024-06-02,
C0431,Katie Trujillo,2224128515,Kolkata,2025-04-23,
C0432,Terry Gonzales,6857531478,Bangalore,2025-07-13,Bronze
C0433,Frank Davis,887900907,Chennai,2024-07-21,
C0434,Robert Smith,3310701810,Hyderabad,2025-04-21,Silver
C0435,Kevin Chavez,7250972405,Bangalore,2024-06-29,Gold
C0436,Kelsey Good,2370713542,Delhi,2023-06-24,Silver
C0437,Nicole Howard,7601650533,Mumbai,2024-05-15,Silver
C0438,Miguel Martin,2045440066,Hyderabad,2023-04-09,
C0439,Mr. George Key,8180368876,Kolkata,2022-11-12,
C0440,Timothy Marshall,8342696853,Kolkata,2025-03-30,
C0441,Martha Martinez,6356820476,Chennai,2022-08-25,Silver
C0442,Jasmine Kim,3071830905,Kolkata,2025-07-04,
C0443,Elizabeth Fowler,6990635484,Mumbai,2024-07-26,Gold
C0444,Richard Sellers,3140863758,Mumbai,2024-09-12,
C0445,Erica Meyer,5317217040,Delhi,2025-01-14,Silver
C0446,Jose Ford,763434651,Kolkata,2024-12-16,Gold
C0447,Mr. Shawn Nguyen,1172477500,Kolkata,2025-04-04,
C0448,Lisa Mayer,9422337005,Hyderabad,2024-05-09,Gold
C0449,Phillip Meza,1313537514,Kolkata,2024-05-21,Silver
C0450,Holly Santiago,7445638111,Mumbai,2025-06-07,Gold
C0451,Joseph Williams,1409003807,Bangalore,2023-11-30,Bronze
C0452,Hunter Cunningham Jr.,4880571617,Chennai,2024-12-21,Gold
C0453,Jermaine Delgado,6038309530,Kolkata,2024-03-07,Silver
C0454,Jennifer Reed,9104820502,Bangalore,2023-12-18,
C0455,James Smith,3409914106,Bangalore,2024-09-14,Bronze
C0456,Kenneth Campbell,5416303485,Delhi,2025-08-08,Bronze
C0457,Amber Boyd,4308494898,Chennai,2023-05-11,Silver
C0458,Joseph Cook,2147807723,Hyderabad,2025-08-04,Silver
C0459,John Jackson,2499672037,Mumbai,2023-07-10,Silver
C0460,Mrs. Rebecca Graham DDS,5085173059,Bangalore,2024-06-26,Bronze
C0461,Jennifer Moon,1488309252,Delhi,2023-08-13,Bronze
C0462,Abigail Moon,449428262,Bangalore,2023-10-24,Gold
C0463,William Tanner,7078562560,Mumbai,2023-03-04,Silver
C0464,Andrea Haynes,6160460071,Chennai,2023-09-06,Gold
C0465,Michelle Dyer,4128437613,Delhi,2023-10-27,Bronze
C0466,Dr. Tanya Beltran,4298675550,Chennai,2024-08-24,
C0467,Sara Sullivan,8854753279,Hyderabad,2024-07-15,Gold
C0468,Dawn Carroll,3136473829,Bangalore,2023-04-07,
C0469,Spencer Wilson,161253110,Hyderabad,2023-01-31,Gold
C0470,Jennifer Williams,3584362837,Hyderabad,2022-12-06,
C0471,Joseph Gonzalez,6519744736,Chennai,2025-05-29,
C0472,Nicole Ochoa,5503722075,Bangalore,2024-08-04,Gold
C0473,Autumn Williams,223223047,Kolkata,2024-08-27,Silver
C0474,Patrick Mendoza,7884160381,Hyderabad,2023-03-14,Silver
C0475,Yvonne Kelly,2131988758,Kolkata,2024-07-16,
C0476,Donald Russell,1614325927,Chennai,2023-03-02,
C0477,Susan Figueroa,2149330413,Hyderabad,2023-12-15,Bronze
C0478,Kaylee Grant,2750082343,Hyderabad,2025-01-04,Silver
C0479,Juan Ellis,1200990745,Bangalore,2024-06-20,Gold
C0480,Jasmine Thompson,7946032061,Delhi,2023-03-16,Gold
C0481,Sheryl Hobbs,949560557,Bangalore,2024-04-25,Gold
C0482,Michael Peterson,7837157839,Kolkata,2025-02-07,Gold
C0483,Desiree Wright,346126582,Kolkata,2023-01-20,Gold
C0484,Jesse Day,1898852683,Mumbai,2025-06-18,Bronze
C0485,Walter Petersen,7141837009,Hyderabad,2024-10-17,
C0486,Jennifer Jensen,6779436257,Hyderabad,2025-04-19,Bronze
C0487,Brandon Howell,2340309237,Kolkata,2024-07-17,Gold
C0488,Kerri Robinson,9645313591,Mumbai,2022-12-21,Bronze
C0489,Andre Lawson,9384369264,Delhi,2024-06-28,Silver
C0490,Tyler Reilly,8849477164,Kolkata,2023-06-08,Bronze
C0491,Douglas Schroeder,5306218967,Mumbai,2023-05-21,Silver
C0492,Mitchell Ruiz,6531799044,Mumbai,2024-02-14,
C0493,Lindsay Sanford,7978445184,Delhi,2025-05-29,Gold
C0494,Kristine Banks,6649874245,Kolkata,2023-02-19,Bronze
C0495,Amy Graham,9526867382,Hyderabad,2025-08-08,Silver
C0496,Mrs. Michelle Hall,1604684257,Kolkata,2022-09-03,
C0497,John Ramirez,2630933992,Kolkata,2025-06-04,Silver
C0498,Steve Craig,7393916054,Delhi,2024-07-11,
C0499,Andrea Mayo,2973630764,Hyderabad,2022-10-20,Silver
C0500,David Henry,5228186381,Bangalore,2023-06-19,Bronze
C0501,Katherine Gonzalez,1902829007,Mumbai,2023-07-19,Silver
C0502,Erica Barrera,5405897466,Mumbai,2025-08-05,
C0503,Alan Thomas,8593483319,Hyderabad,2023-06-16,Gold
C0504,Kelly Brown,4856817760,Mumbai,2023-09-15,Bronze
C0505,Terri Brown,4166061536,Bangalore,2025-05-16,Gold
C0506,Aaron White,2972857923,Delhi,2023-11-09,Bronze
C0507,Alyssa Hughes,1184331605,Chennai,2024-10-07,Bronze
C0508,Vincent Martinez,2754372674,Delhi,2022-08-22,Gold
C0509,Taylor Elliott,8550933238,Delhi,2024-08-18,
C0510,Mary Dickerson,9708927049,Mumbai,2023-01-25,Silver
C0511,Joshua Palmer,5095219708,Delhi,2024-10-27,
C0512,Steve Davenport,253171861,Delhi,2025-02-08,Bronze
C0513,Kara Barnett,4460000222,Kolkata,2024-01-16,
C0514,Samantha Robinson,9025600389,Bangalore,2023-09-19,Silver
C0515,Amy Wang,7055244626,Bangalore,2024-11-15,Silver
C0516,Lynn Duncan,868359622,Bangalore,2024-08-06,
C0517,Jeremy Wright,8324477027,Delhi,2023-08-18,Bronze
C0518,Ashley Howe,5669685402,Mumbai,2022-10-09,Bronze
C0519,David Nguyen,5695890115,Delhi,2023-04-22,Gold
C0520,Justin Williams,6713000125,Chennai,2022-11-08,
C0521,Taylor Johnson,9937436552,Hyderabad,2025-06-25,
C0522,Jacob Torres,3225232383,Kolkata,2023-08-04,
C0523,Jason Murphy,8183474705,Delhi,2022-10-17,Gold
C0524,Christopher Brown,2238943712,Hyderabad,2023-07-11,
C0525,Ryan Braun,9593074010,Mumbai,2023-06-12,
C0526,Justin Bradford,3705405545,Hyderabad,2023-04-05,Bronze
C0527,Tiffany Clark,1113382639,Kolkata,2024-08-18,
C0528,Johnny Marquez,2094766833,Kolkata,2025-08-09,
C0529,Steven Cobb,5122013538,Kolkata,2022-11-27,Silver
C0530,Jeremy Horn,3597475284,Chennai,2023-02-15,
C0531,Amber Hale,8668844648,Hyderabad,2022-12-25,Bronze
C0532,Patricia Warren,5353863889,Mumbai,2025-06-03,
C0533,Kevin Nguyen,3549619685,Mumbai,2022-11-21,Bronze
C0534,Lisa Ward,9826760362,Hyderabad,2022-09-28,
C0535,Rebecca Alexander,6026721051,Mumbai,2023-07-23,Bronze
C0536,Leslie Carroll,3894073149,Bangalore,2025-02-28,Bronze
C0537,Dr. Nancy Graham,7874830149,Kolkata,2022-09-23,
C0538,Spencer Faulkner,1280683423,Mumbai,2023-11-19,Gold
C0539,Tommy Stevens,1627744479,Bangalore,2024-11-01,
C0540,Tony Taylor,784191694,Chennai,2022-09-18,
C0541,Drew Thompson,661124554,Bangalore,2024-02-05,Silver
C0542,Samantha Washington,8877557721,Delhi,2024-03-05,Silver
C0543,Karen Smith,1231261898,Chennai,2025-05-16,
C0544,Craig Woods,5306979667,Hyderabad,2024-02-24,
C0545,Robert Lutz,2916229138,Chennai,2023-05-05,Bronze
C0546,Monica Roberson,1703351502,Kolkata,2024-11-17,Gold
C0547,Mitchell Freeman,5890581586,Kolkata,2023-06-18,
C0548,Caitlin Gilbert,2369932668,Bangalore,2024-10-02,Silver
C0549,Matthew Pierce DDS,7105263485,Chennai,2025-01-04,Gold
C0550,Joseph Phillips,4770183325,Kolkata,2023-06-14,Silver
C0551,Nicole Chen,3742460620,Delhi,2025-05-31,Silver
C0552,Kathryn Orozco,8941999872,Bangalore,2024-12-26,
C0553,Brandon Ramirez,8079905889,Chennai,2022-08-26,Gold
C0554,Calvin Wood,8121608061,Hyderabad,2023-05-29,
C0555,Patricia Thomas,6152847741,Mumbai,2024-08-23,Bronze
C0556,Sandra Holland,8362291147,Kolkata,2023-10-02,
C0557,Mark Orr,9853260294,Mumbai,2024-02-23,
C0558,Peggy Robbins,8146264326,Delhi,2022-11-22,
C0559,Cory Phillips,5885141997,Chennai,2023-11-21,Silver
C0560,Bryan Wood,3526067374,Bangalore,2023-08-08,
C0561,Lorraine Moore DDS,8825565368,Delhi,2023-07-11,Silver
C0562,Thomas Bryant,1492625431,Kolkata,2023-03-18,Silver
C0563,Veronica Hull,2221659948,Hyderabad,2025-03-07,Bronze
C0564,Kevin Alexander,3982830837,Chennai,2023-11-06,Gold
C0565,James Montes,2288371383,Bangalore,2022-11-10,Gold
C0566,Oscar Drake,3834474910,Chennai,2024-11-25,
C0567,Melissa Reed,2137617553,Delhi,2024-12-08,Bronze
C0568,Marcus Graham,256500089,Hyderabad,2022-08-11,Silver
C0569,Tanya Khan,8392139262,Bangalore,2023-01-21,
C0570,Alyssa Sexton,5694528742,Delhi,2023-11-14,Silver
C0571,Julie Roth,2473231501,Chennai,2025-01-29,Silver
C0572,Robert Fowler,2690025509,Bangalore,2024-09-20,Gold
C0573,Scott Ayala,2177375417,Chennai,2023-03-24,Bronze
C0574,Jeffery Pugh,9616319515,Hyderabad,2023-03-19,Gold
C0575,Brian Spence,8385135824,Kolkata,2023-01-13,Gold
C0576,Caroline Miller,9807264863,Mumbai,2022-12-18,Silver
C0577,Tara Preston,8434900879,Bangalore,2023-01-15,Bronze
C0578,Tonya Jones,7366381915,Kolkata,2024-01-20,
C0579,Cory Boyd,7162812465,Kolkata,2024-09-01,Bronze
C0580,Scott Walker,3472547708,Delhi,2023-11-26,Gold
C0581,Jeremy Morris,4089713376,Delhi,2023-11-21,Gold
C0582,Melissa Moreno,311565182,Chennai,2024-09-29,Silver
C0583,John Bryant,813206896,Mumbai,2025-02-26,Gold
C0584,Toni Lee,878862452,Mumbai,2024-09-25,Bronze
C0585,Brian Martinez,5936749112,Hyderabad,2025-01-21,Bronze
C0586,Eric Wood,859529504,Chennai,2025-08-06,
C0587,Tanya Tucker,5091650207,Bangalore,2025-07-23,Silver
C0588,Tommy Smith,2303435921,Chennai,2024-09-26,Bronze
C0589,Jessica Taylor,8213329736,Hyderabad,2023-03-06,
C0590,Julie Miller,3094153872,Delhi,2025-04-03,
C0591,Mia Baker,3916085185,Bangalore,2023-09-04,Gold
C0592,Jason Baldwin,3903413449,Hyderabad,2023-06-25,Gold
C0593,John Mooney,2938982288,Delhi,2023-05-20,Gold
C0594,Daniel Norman,5752307229,Hyderabad,2023-08-03,
C0595,Mary Morales,4966173350,Chennai,2025-02-25,Gold
C0596,Thomas Diaz,4647350669,Mumbai,2022-10-09,Bronze
C0597,Lisa Kidd,196280152,Mumbai,2024-08-10,
C0598,Jessica Rice,3126025239,Hyderabad,2023-03-10,
C0599,Sabrina Bowman,1957305913,Bangalore,2023-10-28,Silver
C0600,Christine Hale,1466363302,Hyderabad,2024-05-12,Silver
C0601,Jose Solomon,1191128400,Bangalore,2023-12-11,Gold
C0602,Katherine Riley,7428190270,Kolkata,2023-08-30,Bronze
C0603,Vanessa Hahn,8451183456,Kolkata,2022-09-13,Bronze
C0604,Riley Holland,9820409500,Bangalore,2025-07-25,
C0605,Julie Strickland,2594066617,Mumbai,2025-02-17,Bronze
C0606,Jennifer Reed,9781017223,Kolkata,2023-07-02,Bronze
C0607,Danielle Davis,8017451386,Bangalore,2023-10-18,
C0608,Karen Hudson,3334689993,Kolkata,2024-08-04,Gold
C0609,Mrs. Sheri Wood DDS,5020344446,Bangalore,2024-11-04,
C0610,Scott Ward,8062716257,Chennai,2022-11-26,Gold
C0611,Stephanie Smith,7140618937,Chennai,2022-11-14,
C0612,Robert Jones,4052388430,Kolkata,2022-09-21,
C0613,Rebecca Boyd,8618239712,Hyderabad,2023-06-05,Bronze
C0614,Marie Maynard,3333622132,Hyderabad,2022-11-30,Gold
C0615,Lori Holmes,2134372452,Chennai,2023-01-31,
C0616,Angela Watson,9959936135,Hyderabad,2025-04-30,Silver
C0617,Michael Myers,3098149653,Kolkata,2023-07-27,Bronze
C0618,Christopher Jones,3038156958,Chennai,2024-06-20,Silver
C0619,Mr. Benjamin Jensen Jr.,3419652025,Chennai,2024-07-04,Bronze
C0620,Marissa Scott,9688538993,Mumbai,2024-12-19,
C0621,Kristina Key,5119141438,Chennai,2025-01-01,
C0622,Virginia Bond,6122246067,Bangalore,2025-05-07,Bronze
C0623,Margaret Brown,9462147953,Kolkata,2024-05-18,Bronze
C0624,Joseph Ramirez DVM,598607322,Kolkata,2025-03-24,
C0625,Dana Nelson,1614222534,Bangalore,2025-03-23,Gold
C0626,Cynthia Evans,8933581711,Kolkata,2023-12-11,Gold
C0627,Dennis Cantrell,3248683695,Hyderabad,2023-12-17,
C0628,Mary Baxter,441802600,Kolkata,2024-09-19,Bronze
C0629,Anna Jacobs,2176930206,Mumbai,2025-07-08,
C0630,Adam Haas,3627747740,Kolkata,2025-03-02,Bronze
C0631,Kyle Porter,9120293816,,2023-06-02,Bronze
C0632,Nicholas Wallace,1308645903,Kolkata,2024-11-18,
C0633,Jennifer Best,2533743431,Delhi,2025-07-10,Gold
C0634,Steven Walsh,3265502511,Mumbai,2023-05-15,
C0635,Meredith Hernandez,5850928654,Hyderabad,2023-06-05,Gold
C0636,Robert Woodard,8232859368,Chennai,2023-09-15,Silver
C0637,Brian Villarreal,639060805,Hyderabad,2024-01-20,Silver
C0638,Devin Johnson,879560369,Chennai,2025-07-02,Silver
C0639,Tina Wu,4761438402,Mumbai,2024-12-01,
C0640,Christine Jenkins,7531211077,Bangalore,2024-04-11,Silver
C0641,Mrs. Alexa Klein,1718818231,Kolkata,2024-06-02,Silver
C0642,Arthur Marks,5206383015,Kolkata,2023-05-09,Bronze
C0643,Julie Booth,9524496446,Bangalore,2024-10-30,
C0644,Melissa Shelton,3362188795,Bangalore,2024-09-25,Gold
C0645,Jonathan Archer,4184824395,Delhi,2023-01-06,Bronze
C0646,Maurice Pena,267625310,Kolkata,2023-11-26,Silver
C0647,Amanda Thompson,2975204899,Chennai,2024-10-14,
C0648,Steven Silva,53890441,Chennai,2023-10-18,Gold
C0649,Gary Tucker,591440386,Chennai,2023-01-13,
C0650,Brooke Turner,3807183519,Bangalore,2025-07-07,Gold
C0651,Jamie Wright,7410779391,Kolkata,2024-09-07,Bronze
C0652,Justin Johnson,2753404407,Chennai,2024-10-10,Silver
C0653,Michael Newton,7094547868,,2025-02-09,Gold
C0654,Samuel Smith,38778089,Hyderabad,2023-03-05,Gold
C0655,Henry Howell,4630071552,Hyderabad,2025-03-27,Gold
C0656,Johnny Reid,4421102984,Hyderabad,2025-04-24,
C0657,David Carlson,8151900873,Hyderabad,2022-12-20,Gold
C0658,Chloe Walker,6378068177,Hyderabad,2023-01-16,Gold
C0659,Karina Chang,7779973612,Bangalore,2024-07-06,Gold
C0660,Megan Jones,708868211,Bangalore,2023-11-24,Silver
C0661,Luis Joseph,193075531,Chennai,2023-04-08,Silver
C0662,Taylor Brock,7429276226,Bangalore,2023-08-10,Gold
C0663,Randy Brown,7147655492,Hyderabad,2024-09-17,Bronze
C0664,Sandra Delgado,3595416614,Delhi,2024-05-27,Gold
C0665,Tyler Ferguson,1493172585,Bangalore,2022-10-24,
C0666,Jordan Jensen,222211016,Bangalore,2024-12-27,Bronze
C0667,Ethan Griffin,9368278276,Chennai,2024-10-26,Silver
C0668,Cameron Green,2614703771,Kolkata,2024-09-03,Bronze
C0669,Mark Anderson,9977614760,Hyderabad,2024-04-03,Silver
C0670,Monique Lee,870883779,Kolkata,2023-04-13,Silver
C0671,Sean Aguirre,2055782088,Chennai,2025-07-11,Silver
C0672,John Oneal,921280756,Chennai,2024-03-07,Gold
C0673,John Adams,7175692223,Mumbai,2024-01-22,Gold
C0674,Brian Owens,6581681972,Kolkata,2024-04-13,Silver
C0675,Kevin Simpson,113966602,Chennai,2023-07-10,Gold
C0676,Patricia Wang,7647816590,Bangalore,2024-04-16,Silver
C0677,Dennis Miller,3375276789,Delhi,2023-02-05,Silver
C0678,Tracy Price,3829538930,Delhi,2022-09-14,
C0679,Robyn Lewis,4633777289,Hyderabad,2023-02-27,Silver
C0680,Paige Brewer,2814746998,Bangalore,2025-04-24,Silver
C0681,Frederick Stark,8767443635,Kolkata,2023-06-06,Silver
C0682,Cheryl Ayala,2302384096,Chennai,2024-01-09,Silver
C0683,Kathryn Jones,5291468051,Bangalore,2022-10-11,
C0684,Michael Cruz,235617602,Hyderabad,2024-11-02,Bronze
C0685,Scott Morrow,9231674093,Chennai,2022-09-20,
C0686,Luis Juarez,9413901402,Hyderabad,2024-03-27,
C0687,Chad Miller,3301355436,Hyderabad,2023-12-21,Gold
C0688,Joseph Stewart,1362538973,Hyderabad,2023-01-09,
C0689,Phyllis Lopez,6029365696,Chennai,2022-08-16,
C0690,Hector Jones,7119347827,Mumbai,2022-11-21,
C0691,Timothy Murray,4121734843,Delhi,2023-09-08,Bronze
C0692,Javier Rogers,1099642960,Delhi,2024-10-14,Silver
C0693,Christopher Underwood,2397958543,Bangalore,2024-07-03,
C0694,Michelle Lopez,3278981658,Delhi,2024-11-20,Silver
C0695,James Edwards,7914995731,Kolkata,2025-06-11,Silver
C0696,Kevin Williams,5443738309,Mumbai,2022-12-02,Silver
C0697,Luis Foster,4846746953,Mumbai,2024-04-27,Gold
C0698,Alexandra Powers,6500467189,Mumbai,2024-12-26,Gold
C0699,Makayla Simon,7728211742,Bangalore,2024-01-24,
C0700,Leslie Lawrence,9935704833,Mumbai,2022-12-06,
C0701,Thomas Lucas,1704625594,Bangalore,2023-03-13,
C0702,Sierra Wolfe,5760651458,Mumbai,2023-01-28,
C0703,Mr. Manuel Smith DVM,2978395307,Bangalore,2022-12-26,
C0704,Christina Moore,7844875536,Hyderabad,2023-03-30,Bronze
C0705,Brandon Thompson,9958284933,Bangalore,2024-03-22,
C0706,Natalie Brewer,4852396980,Delhi,2023-06-21,Silver
C0707,Melanie Contreras,1139518959,Hyderabad,2024-02-10,Gold
C0708,Jason Vargas,4795825133,,2023-07-05,
C0709,Mr. Joshua Hall,5751880397,Chennai,2023-06-28,Silver
C0710,Steve Jackson,277643947,Kolkata,2024-03-16,Bronze
C0711,Michelle Lewis,2822044410,Hyderabad,2024-06-30,Silver
C0712,Kristi Heath,2812012606,Delhi,2022-10-17,Bronze
C0713,Joseph Wright,5018900252,Mumbai,2025-01-12,Gold
C0714,Tiffany Green,1653856121,Hyderabad,2025-07-18,Silver
C0715,Samantha Franklin,9541083006,Hyderabad,2024-11-07,Silver
C0716,John Lam,767781710,Delhi,2025-04-12,Silver
C0717,Kelly Prince,5379371294,Mumbai,2023-05-02,
C0718,Stephen Jimenez,2280806429,Bangalore,2025-04-07,Gold
C0719,Susan Wheeler,1806651554,Delhi,2025-06-09,Bronze
C0720,Pamela Johnson,6346493771,Mumbai,2023-01-27,Silver
C0721,Shane Crawford,9612042648,Delhi,2023-12-09,Bronze
C0722,Gary Brown,4614212949,Chennai,2024-01-09,Gold
C0723,Matthew Miller,6414598376,Mumbai,2024-01-04,Bronze
C0724,Stacy Brown,8010866574,Kolkata,2024-06-04,Silver
C0725,Rebecca Collins DVM,2521894064,Chennai,2024-02-23,Silver
C0726,Carol Mendoza,2468004373,Hyderabad,2023-04-29,Bronze
C0727,Lynn Adams,4733765800,Mumbai,2023-11-10,Bronze
C0728,Amy Mccormick,1369754702,Chennai,2024-01-28,Bronze
C0729,Kristine Holden,7275532947,Mumbai,2024-04-08,
C0730,Mark Lawson,8439711007,Delhi,2024-08-27,Gold
C0731,Kari Lawson,3449184133,Chennai,2024-09-03,Bronze
C0732,Alexandra Cox,4339762154,Chennai,2024-04-10,Gold
C0733,Kelly Lewis,4083996098,Delhi,2023-11-17,Gold
C0734,Jason Lawrence,1697126901,Delhi,2025-05-01,Bronze
C0735,Mark Davis,418144107,Chennai,2025-01-04,
C0736,Mary Mills,4203910123,Delhi,2023-03-15,Bronze
C0737,Peter Randolph,4894484492,Kolkata,2024-04-30,
C0738,Charles Vargas,3881281585,Delhi,2025-06-15,Silver
C0739,Gary Wells,3530226960,Bangalore,2024-06-06,
C0740,Mr. James Peck,5446938361,Kolkata,2025-03-27,Bronze
C0741,Heather Stone,7681982460,Bangalore,2024-01-18,
C0742,Brandon Ali,8248822123,Chennai,2022-10-09,
C0743,Amanda Mcclure,7700387121,Mumbai,2025-02-23,
C0744,William Elliott,8281457533,Bangalore,2025-05-17,Gold
C0745,Shelley Brown,6062460908,Kolkata,2022-10-03,
C0746,Eric Evans,6358379122,Bangalore,2024-01-07,Gold
C0747,Sarah Reynolds,5636724094,Bangalore,2023-04-19,
C0748,Heidi Martin,8380941034,Mumbai,2024-05-29,
C0749,Duane Hopkins,5866191316,Hyderabad,2025-08-07,Silver
C0750,Jason Sanders,3030185582,Bangalore,2024-07-01,
C0751,David Wiley,6441888458,Delhi,2024-11-09,Silver
C0752,Timothy Lee,8467099643,Delhi,2025-06-01,
C0753,Jonathan Smith,9251069516,Hyderabad,2025-07-30,
C0754,Dominique Thompson MD,9060380778,Delhi,2024-09-16,
C0755,Dillon Moore MD,5609100017,Kolkata,2022-10-09,
C0756,Thomas Hart,6949132851,Delhi,2023-04-13,Gold
C0757,Rick Alexander,4244761437,Mumbai,2025-07-01,Silver
C0758,Marissa Moore,6568427255,Kolkata,2023-12-07,Bronze
C0759,Mary Yu,6031351122,Bangalore,2022-12-22,Gold
C0760,Kimberly Lee,9948745057,Bangalore,2024-09-06,Gold
C0761,Christopher Cobb,1314181817,Kolkata,2023-05-20,
C0762,Andrea Walter,7001752542,Chennai,2024-11-15,Silver
C0763,Paul Bullock,4982676673,Delhi,2023-09-17,Gold
C0764,Travis Pena,7807154609,Kolkata,2025-01-31,Gold
C0765,Walter Andrews,2811491311,Hyderabad,2024-02-04,Gold
C0766,Michael King,7033893610,Kolkata,2024-12-02,
C0767,Laura Palmer,8010148464,Delhi,2025-03-11,Bronze
C0768,Teresa Baker,3096684824,Chennai,2025-03-06,
C0769,Brian Marsh,9312610043,Bangalore,2025-06-08,Bronze
C0770,Katie Soto,7988267451,Hyderabad,2023-12-15,Gold
C0771,Jenny Rodriguez,7701504971,Bangalore,2023-12-12,Bronze
C0772,Thomas Sawyer,2183178054,Kolkata,2023-03-28,
C0773,Justin Williamson,9846729827,Delhi,2022-12-30,
C0774,Alyssa Blair,6234430899,Bangalore,2024-05-26,Gold
C0775,Maria Young,106811101,Hyderabad,2024-09-21,Gold
C0776,Tim Carter,8931511907,,2024-01-28,Silver
C0777,Karina Perez,2145261662,Chennai,2022-09-16,Gold
C0778,Michael Mckenzie,5849111937,Kolkata,2024-01-24,Gold
C0779,Robert Jones,4932401764,Delhi,2025-06-30,
C0780,David Jefferson,9834056874,,2024-06-09,Silver
C0781,Angela Branch,5608730696,Kolkata,2024-10-30,
C0782,Jeffery Lang,8570500586,Delhi,2024-03-13,
C0783,Brenda Garcia,2548401337,Chennai,2025-03-16,
C0784,Carol Clark,1016974892,Kolkata,2023-11-12,Silver
C0785,Kelsey Munoz,5899784105,Bangalore,2024-03-24,Silver
C0786,Austin Shea,9174533610,Chennai,2022-11-02,
C0787,Mary Baker,3626947481,Delhi,2022-09-15,Bronze
C0788,Douglas Larson,8327608515,Mumbai,2024-02-11,Silver
C0789,Dr. James Mckenzie,3129153504,Bangalore,2025-03-25,
C0790,Regina Dominguez,2726895320,Chennai,2022-09-21,Gold
C0791,Lori Riggs,4412702537,Chennai,2023-12-23,Bronze
C0792,Mr. Tony Garcia,3794372471,Delhi,2025-06-04,Bronze
C0793,Logan Peters,3409626383,Bangalore,2022-10-13,Silver
C0794,Kevin Paul,5887946999,Kolkata,2023-01-25,Gold
C0795,William Robertson,454397970,Delhi,2024-05-09,Gold
C0796,Kyle Cooper,1177675243,Mumbai,2023-11-01,Gold
C0797,Todd Wilkinson MD,4069038731,Bangalore,2023-11-07,
C0798,Holly Newton,2929031461,Kolkata,2023-04-17,Bronze
C0799,John Green,6146852060,Kolkata,2025-02-05,
C0800,Kelly Lopez,8872733811,Bangalore,2023-11-02,Bronze
C0801,Chelsea James,9911406277,Delhi,2023-02-07,Gold
C0802,Bianca Hoffman,3533270047,Kolkata,2023-04-07,Silver
C0803,Benjamin Peterson,945672079,Hyderabad,2022-12-06,Bronze
C0804,Carly Davies,7556296846,Chennai,2024-09-15,Silver
C0805,Jeremy Nichols,4733435334,Mumbai,2024-09-05,Bronze
C0806,Rebecca Jackson,8815086986,Hyderabad,2024-09-30,
C0807,Thomas Brown,7840267576,Hyderabad,2023-11-21,Gold
C0808,Robert Black,7707199749,Hyderabad,2022-08-14,
C0809,Jesus Richardson,4674214947,,2025-02-23,Gold
C0810,Elizabeth Rich,7859412319,Hyderabad,2023-01-07,
C0811,Laura Reynolds,3092357184,Kolkata,2024-02-08,Silver
C0812,Karen Turner,3578234331,Hyderabad,2024-12-16,
C0813,Breanna Campbell,7328077123,Mumbai,2024-10-15,Gold
C0814,Sierra Parks,9551420135,Mumbai,2022-09-10,
C0815,Michele Stephens,1766343337,Chennai,2024-04-18,Silver
C0816,Jason Price,9140455230,Delhi,2025-01-05,Silver
C0817,Diane Larsen,5650775939,Mumbai,2022-10-10,Silver
C0818,Clifford Taylor,7290227199,Bangalore,2023-09-11,Silver
C0819,Anna Thomas PhD,4147690538,Hyderabad,2023-04-07,
C0820,Loretta Phillips,4007602024,Mumbai,2023-04-13,
C0821,Diana Perry,1683397211,Mumbai,2025-02-20,Gold
C0822,Elizabeth Allen,4988621199,Delhi,2023-05-04,Bronze
C0823,Sandra Harris,2870338296,Delhi,2023-07-25,
C0824,Charles Hall,7080898574,Hyderabad,2022-12-13,
C0825,Jamie Miller,3869809220,Mumbai,2023-01-15,Gold
C0826,Andrew Lindsey,1663525001,Mumbai,2024-01-03,Silver
C0827,Mr. Lawrence Melendez,1150924240,Bangalore,2024-06-11,Bronze
C0828,Sara Ochoa,7316955988,Kolkata,2023-11-17,Silver
C0829,Mary Edwards,7249246555,Chennai,2023-09-04,Silver
C0830,Ryan Joseph,5168791339,Chennai,2024-01-02,Bronze
C0831,Sandra Roth,6341559115,Hyderabad,2024-04-13,Gold
C0832,Beverly Hart,5977281916,Mumbai,2024-09-09,Bronze
C0833,Kyle Cooper,694165693,Bangalore,2023-10-11,Silver
C0834,Thomas Leblanc,1187994937,Mumbai,2023-07-03,Silver
C0835,William Wright,4066737659,Mumbai,2022-11-26,Silver
C0836,James Hood,2624847660,Mumbai,2022-11-30,
C0837,Jacob Bailey,1625674735,Delhi,2024-03-02,Bronze
C0838,Claire Jennings,5474874819,Hyderabad,2023-05-02,Gold
C0839,Diana Riley,5022661992,Chennai,2022-10-09,Silver
C0840,Kayla Murray,9578603277,Hyderabad,2023-10-22,Bronze
C0841,Molly Kim,2122681605,Kolkata,2023-03-15,
C0842,Theresa Sparks,299525190,Bangalore,2025-03-04,Silver
C0843,Robin Martin,6869564605,Hyderabad,2024-07-15,
C0844,Diane Bradley,2745638870,Bangalore,2023-11-30,Silver
C0845,Chelsea Flynn,8885028413,Delhi,2022-10-25,Gold
C0846,Eileen Hinton,2899530705,Delhi,2024-12-31,
C0847,Colton Smith,6535481260,Hyderabad,2023-08-02,Bronze
C0848,Peter Garcia,264064058,Mumbai,2024-10-28,Gold
C0849,Katherine Dodson,5824216156,Bangalore,2023-07-09,
C0850,Nathaniel Baker,2731554555,Mumbai,2023-06-16,
C0851,Alicia Humphrey,8692387819,Kolkata,2023-04-12,Gold
C0852,Devon Jennings,6797205063,Delhi,2023-11-26,
C0853,Becky Lyons,2221063554,Kolkata,2023-08-07,Silver
C0854,Madison Cole,6268066268,Delhi,2024-01-04,
C0855,Erica Hernandez,1821031840,Delhi,2024-03-08,Silver
C0856,Darren Perkins,9863651310,Delhi,2023-06-20,
C0857,Kim Hall,7435981859,Hyderabad,2024-09-13,
C0858,Chase Banks,3634158453,Chennai,2025-04-04,
C0859,Phillip Barrett,2690811504,Bangalore,2023-04-18,
C0860,Jeremy Romero,555217791,Bangalore,2025-06-14,Gold
C0861,Savannah Wagner,8597121104,Kolkata,2024-06-06,
C0862,Brenda Hunter,4229997368,Chennai,2024-10-26,Gold
C0863,Sarah Miller,1869607116,Bangalore,2022-10-22,Silver
C0864,Karen Fisher,2073358313,Chennai,2025-03-30,Gold
C0865,Jack Kim,2850307667,Chennai,2024-01-13,Gold
C0866,Patrick Marshall,9255458812,Bangalore,2022-08-29,
C0867,Kayla Stone,1104047276,Delhi,2022-10-09,Silver
C0868,Wyatt Brady,5215332338,Mumbai,2024-12-10,
C0869,Anthony Richmond,2709177814,Delhi,2023-02-03,Gold
C0870,Jeffery Dawson,7838843337,Hyderabad,2024-09-01,Gold
C0871,Lawrence Mitchell,8693561460,Chennai,2024-08-23,Gold
C0872,Ronnie Chapman,8693492318,Bangalore,2023-03-07,Bronze
C0873,Andrew Lewis,601734661,Kolkata,2022-09-24,Gold
C0874,Nicole Simpson,9378030107,Hyderabad,2023-12-27,Gold
C0875,Timothy Willis,5126249712,Bangalore,2022-10-08,Bronze
C0876,Michael Cruz,9791222788,Kolkata,2023-01-28,
C0877,Brandon Holden,5396717419,Delhi,2024-03-27,
C0878,Jamie James,7148912908,Hyderabad,2024-06-24,Bronze
C0879,Linda Jones,9622391150,Delhi,2024-01-30,Bronze
C0880,Caitlin Luna,5413329583,Kolkata,2025-02-01,
C0881,Larry Moreno,1326853741,Bangalore,2023-01-04,Silver
C0882,Gene Clayton,7487011642,Chennai,2024-10-12,Silver
C0883,David Reyes,862834736,Mumbai,2024-10-08,Bronze
C0884,Christine Shaffer,5110127087,Kolkata,2022-11-10,
C0885,Cody Wallace,6725741017,Bangalore,2025-06-15,Gold
C0886,Stephen Williams,8464001936,Hyderabad,2022-10-08,
C0887,Jason Moore,5644185924,Hyderabad,2024-02-18,
C0888,Anne Compton,2457402116,Hyderabad,2022-10-31,
C0889,Glenda Parrish,760868903,Mumbai,2023-10-20,Gold
C0890,Melissa Coleman,504951928,Chennai,2024-07-01,Gold
C0891,Andre Rodriguez,2604800144,Kolkata,2022-11-12,Bronze
C0892,Tracy Brown,6146470931,Delhi,2024-01-12,Gold
C0893,Gregory Williams Jr.,564971863,Bangalore,2023-12-05,Silver
C0894,Tabitha Schultz MD,42118746,Kolkata,2025-08-09,
C0895,Tonya Williams,7645397161,Hyderabad,2024-02-13,Bronze
C0896,Misty Wagner,4593892922,Bangalore,2024-10-31,Gold
C0897,Adam Parker,2485347544,Bangalore,2022-11-11,Bronze
C0898,John Velasquez,5449819090,Hyderabad,2024-10-08,
C0899,Angel Johnson,1619298577,Bangalore,2023-08-26,
C0900,Darrell Campbell,6078380864,,2023-11-21,Silver
C0901,Anthony Hunt,595419458,Mumbai,2023-05-17,
C0902,Danielle Brown,7145386499,Chennai,2025-03-03,Bronze
C0903,Brian Wright,7492348523,Bangalore,2025-02-02,
C0904,Rhonda Thompson,80311448,Kolkata,2024-03-19,Silver
C0905,Nancy Gonzales,5588906385,Delhi,2022-12-19,Silver
C0906,Elizabeth Ellis,5901209168,Mumbai,2022-08-13,
C0907,Jim Washington,8454537931,Delhi,2023-08-31,
C0908,Jordan Bullock,2974834516,Mumbai,2024-06-27,Silver
C0909,Samuel Carroll,7468758495,Hyderabad,2024-07-31,
C0910,Theresa Holland,3185446302,Kolkata,2025-07-20,
C0911,Dylan Smith,53713242,Chennai,2023-07-18,Silver
C0912,Grace Kennedy,7931363681,Kolkata,2025-06-21,Gold
C0913,Sandra Schmitt,1120225822,Chennai,2023-06-07,Gold
C0914,Justin Sullivan,3786483325,Kolkata,2024-02-01,
C0915,April Mercado,7882795693,Chennai,2025-05-10,Bronze
C0916,Stephen Reid,4081118070,Mumbai,2023-09-24,Gold
C0917,Derrick Rodriguez,623584271,Bangalore,2024-09-17,
C0918,Hunter Morrison,9470083891,Kolkata,2022-09-23,
C0919,Jeffrey Gonzalez,8710984916,Delhi,2024-09-03,Gold
C0920,Shawn Warner,6780302869,Mumbai,2024-01-28,
C0921,Gabriela Rodriguez,6969152818,Kolkata,2024-01-08,Silver
C0922,Bradley Shepherd,5898667718,Bangalore,2024-02-07,
C0923,Joyce Robinson,2153675659,Bangalore,2023-11-29,Bronze
C0924,Logan Chambers,2334890798,Mumbai,2024-10-25,Silver
C0925,George Allen,9730468745,Chennai,2024-12-12,
C0926,Alexander Barker,6582063040,Bangalore,2025-06-19,
C0927,Jesus Stewart,3675492085,Hyderabad,2022-12-16,Silver
C0928,Juan Roberts,4206018946,Kolkata,2022-10-03,
C0929,Tonya Thompson,8757227982,Hyderabad,2022-09-04,
C0930,Samuel Little,7518110601,Kolkata,2024-05-19,Gold
C0931,James Mccullough,8587365990,Mumbai,2022-08-28,
C0932,Carla Bowen,8551513091,Kolkata,2023-07-10,
C0933,Cindy Frey,4389950743,Delhi,2023-05-23,Bronze
C0934,Charles Patel,3682136754,Mumbai,2023-09-30,
C0935,Daniel Mendez,1378354243,Hyderabad,2022-12-11,Silver
C0936,Dawn Howe,2555085555,Kolkata,2023-09-27,
C0937,Dana Frost,6748107506,Bangalore,2024-06-10,
C0938,Scott Hensley,3912897397,Mumbai,2022-10-31,
C0939,Victor Anderson,701571246,Hyderabad,2024-08-17,
C0940,Jeremiah Sims,7185763725,Delhi,2024-02-24,Gold
C0941,Antonio Boyle,394446585,Chennai,2023-11-06,Bronze
C0942,Keith Hill,9728205493,Bangalore,2024-04-14,Bronze
C0943,Jeffrey Miller,8044079358,Chennai,2025-03-28,
C0944,Kenneth Garcia,7804222879,Bangalore,2025-07-31,Silver
C0945,Angela Johnson,992823182,Delhi,2024-08-08,
C0946,Jesse Pena,4610953596,Chennai,2023-03-30,
C0947,Dean Williamson,442976442,Kolkata,2022-08-20,Bronze
C0948,David Horn,5231044060,Kolkata,2024-01-17,
C0949,Julia Campbell,6250563774,Bangalore,2023-04-18,Bronze
C0950,Jennifer Byrd,3378431223,Bangalore,2025-08-08,
C0951,Jacob Cook,6894863077,,2023-02-15,
C0952,Emily Willis,9050108775,Bangalore,2023-07-14,Silver
C0953,Corey Johnson,5966894805,Chennai,2024-02-04,Gold
C0954,Stacy Bowers,3015126566,Kolkata,2025-04-26,Gold
C0955,Martin Oneal,3774000009,Kolkata,2024-05-12,Bronze
C0956,Jacob Hooper,4587099484,Chennai,2025-03-26,
C0957,Maria White,6625165650,Kolkata,2024-05-27,
C0958,Robin Wheeler,4003489852,Chennai,2025-01-19,Gold
C0959,Samantha Davis,7570535537,Mumbai,2025-04-15,Silver
C0960,Donald Anderson,2408691151,Chennai,2023-07-15,
C0961,Carl Green,683843431,Delhi,2025-05-12,Gold
C0962,Stephanie Patton,510824723,Bangalore,2023-10-21,Gold
C0963,Ronald Alexander,3830436018,Hyderabad,2024-10-02,Silver
C0964,Danielle Williams,6120533436,Kolkata,2022-09-08,Silver
C0965,Jodi Haynes,45484452,Delhi,2022-10-01,
C0966,Ashley Cabrera,485508741,Bangalore,2022-11-29,Silver
C0967,Melissa Wiggins,8709911625,Bangalore,2023-02-05,Gold
C0968,Mr. John Williams Jr.,8595542679,Hyderabad,2025-01-07,Bronze
C0969,Mr. Michael Kaufman,2652663495,Bangalore,2024-08-02,Silver
C0970,Candace Strickland,4571042841,Delhi,2023-04-17,
C0971,Cynthia Vargas,8088822606,Chennai,2023-03-28,
C0972,Mary Payne,8288750057,Hyderabad,2024-05-31,Silver
C0973,Marilyn Davenport,4234936877,Mumbai,2023-04-22,Gold
C0974,Crystal Matthews,3822550447,Delhi,2024-03-31,
C0975,Christina Hill,557773280,Delhi,2024-08-03,Bronze
C0976,John Smith,8939989630,Chennai,2025-02-08,
C0977,Michael Kelly,1147685795,Hyderabad,2023-01-07,Bronze
C0978,Charles Mcguire DDS,7950511540,Hyderabad,2022-09-29,Bronze
C0979,Christopher Sanders,1550858301,Chennai,2023-05-22,
C0980,Brenda Fitzgerald,5894896725,Mumbai,2023-04-15,Silver
C0981,Joshua Johnson,9350795262,Delhi,2025-02-12,
C0982,Kari Phillips,9440994018,Kolkata,2024-10-13,Bronze
C0983,Guy Watkins,3583717970,Kolkata,2024-06-24,Silver
C0984,Brittany Simmons,8441305510,Kolkata,2024-02-04,Gold
C0985,Matthew Bradley,7437563505,Delhi,2023-11-09,
C0986,Jill Price,106437926,Hyderabad,2024-03-06,Bronze
C0987,James Sharp,1935984605,Delhi,2023-06-29,
C0988,Tamara Ryan,2342471256,Mumbai,2023-12-23,Silver
C0989,Autumn Branch,5299833510,Delhi,2024-07-21,Gold
C0990,Mark Marshall,5621687835,Kolkata,2025-01-16,
C0991,Michelle Rangel,627060374,Delhi,2025-08-06,
C0992,Dakota Mills,4497582079,Chennai,2025-03-20,
C0993,Michael Parker,5759260732,Hyderabad,2023-03-19,Bronze
C0994,Mark Miller,5486898867,Delhi,2024-10-03,Bronze
C0995,Julie Bailey,3398666369,Kolkata,2024-03-10,Gold
C0996,Caitlin Bailey,1476020552,Bangalore,2024-09-18,Gold
C0997,Jessica Turner,7291382637,Hyderabad,2023-11-22,Bronze
C0998,Heather Rice,13258709,Chennai,2023-12-06,Silver
C0999,Deborah Luna,3981374424,Bangalore,2023-08-04,
C1000,Mark Powers,3693274634,Kolkata,2024-07-01,Bronze
